domain_name,visit_id
youtu.be,any_string_1
google.be,any_string_2
kuleuven.be,any_string_3
telenet.be,any_string_4
skynet.be,any_string_5
hln.be,any_string_6
ugent.be,any_string_7
belgium.be,any_string_8
rtbf.be,any_string_9
vrt.be,any_string_10
blogspot.be,any_string_11
fgov.be,any_string_12
nieuwsblad.be,any_string_13
lesoir.be,any_string_14
standaard.be,any_string_15
geoedge.be,any_string_16
uclouvain.be,any_string_17
ilovejuju.be,any_string_18
lalibre.be,any_string_19
2dehands.be,any_string_20
reserva.be,any_string_21
pandora.be,any_string_22
rdcu.be,any_string_23
dhnet.be,any_string_24
vlaanderen.be,any_string_25
uliege.be,any_string_26
dbi-sa.be,any_string_27
seld.be,any_string_28
sporza.be,any_string_29
scarlet.be,any_string_30
demorgen.be,any_string_31
rtl.be,any_string_32
skynetblogs.be,any_string_33
uantwerpen.be,any_string_34
proximus.be,any_string_35
knack.be,any_string_36
bnpparibasfortis.be,any_string_37
fci.be,any_string_38
levif.be,any_string_39
immoweb.be,any_string_40
surfe.be,any_string_41
ebay.be,any_string_42
tijd.be,any_string_43
gva.be,any_string_44
deredactie.be,any_string_45
wallonie.be,any_string_46
rosserial.be,any_string_47
smartschool.be,any_string_48
vtm.be,any_string_49
hbvl.be,any_string_50
7sur7.be,any_string_51
irisnet.be,any_string_52
acea.be,any_string_53
smartnews.be,any_string_54
sudinfo.be,any_string_55
lecho.be,any_string_56
info-coronavirus.be,any_string_57
2ememain.be,any_string_58
zalando.be,any_string_59
tuna.be,any_string_60
ing.be,any_string_61
pornktu.be,any_string_62
seniorennet.be,any_string_63
brusselsairport.be,any_string_64
belgiantrain.be,any_string_65
meteo.be,any_string_66
coolblue.be,any_string_67
antwerpen.be,any_string_68
promobutler.be,any_string_69
zimmo.be,any_string_70
bozar.be,any_string_71
urlr.be,any_string_72
bpost.be,any_string_73
bloggen.be,any_string_74
autoscout24.be,any_string_75
metrotime.be,any_string_76
delijn.be,any_string_77
airbnb.be,any_string_78
diplomatie.be,any_string_79
uhasselt.be,any_string_80
dpgmedia.be,any_string_81
belgianrail.be,any_string_82
cfwb.be,any_string_83
sport.be,any_string_84
privacycommission.be,any_string_85
jetengine.be,any_string_86
ulb.be,any_string_87
rtlplay.be,any_string_88
yelp.be,any_string_89
tripadvisor.be,any_string_90
gent.be,any_string_91
socialsecurity.be,any_string_92
vdab.be,any_string_93
vlan.be,any_string_94
ttias.be,any_string_95
een.be,any_string_96
nbb.be,any_string_97
mathiasbynens.be,any_string_98
belfius.be,any_string_99
africamuseum.be,any_string_100
classy.be,any_string_101
2link.be,any_string_102
oma.be,any_string_103
ping.be,any_string_104
padeodco.be,any_string_105
brugge.be,any_string_106
immosolo.be,any_string_107
prosotic.be,any_string_108
spatie.be,any_string_109
afspraakjes.be,any_string_110
eua.be,any_string_111
kbc.be,any_string_112
hortamuseum.be,any_string_113
humo.be,any_string_114
vib.be,any_string_115
fine-arts-museum.be,any_string_116
vito.be,any_string_117
itsme.be,any_string_118
radio1.be,any_string_119
vlaio.be,any_string_120
lameuse.be,any_string_121
b-rail.be,any_string_122
benleurquin.be,any_string_123
tuifly.be,any_string_124
mo.be,any_string_125
ettv.be,any_string_126
naturalsciences.be,any_string_127
jobat.be,any_string_128
y2u.be,any_string_129
innotec-industrie.be,any_string_130
mailprotect.be,any_string_131
zoe-beauty.be,any_string_132
unamur.be,any_string_133
webhosting.be,any_string_134
atomium.be,any_string_135
visitbruges.be,any_string_136
groupon.be,any_string_137
belsign.be,any_string_138
ucll.be,any_string_139
mediamarkt.be,any_string_140
register.be,any_string_141
kbr.be,any_string_142
argenta.be,any_string_143
onlc.be,any_string_144
kbs-frb.be,any_string_145
ap.be,any_string_146
diana.be,any_string_147
bruzz.be,any_string_148
stubru.be,any_string_149
meteobelgique.be,any_string_150
decathlon.be,any_string_151
brussels.be,any_string_152
sportkipik.be,any_string_153
tinnenpot.be,any_string_154
imec.be,any_string_155
stpierre-bru.be,any_string_156
fnac.be,any_string_157
fsma.be,any_string_158
start.be,any_string_159
argsb.be,any_string_160
unibet.be,any_string_161
rockwerchter.be,any_string_162
brico.be,any_string_163
youtube.be,any_string_164
skins.be,any_string_165
vinci.be,any_string_166
tiscali.be,any_string_167
swing.be,any_string_168
boutique-chicos.be,any_string_169
cajou.be,any_string_170
spa-francorchamps.be,any_string_171
buienradar.be,any_string_172
canvas.be,any_string_173
stib-mivb.be,any_string_174
meesens.be,any_string_175
radioplus.be,any_string_176
braem2010.be,any_string_177
newsmonkey.be,any_string_178
itg.be,any_string_179
flair.be,any_string_180
visitantwerpen.be,any_string_181
monarchie.be,any_string_182
hubo.be,any_string_183
yeloplay.be,any_string_184
vub.be,any_string_185
defcon-community.be,any_string_186
elle.be,any_string_187
ibz.be,any_string_188
tri.be,any_string_189
dns.be,any_string_190
delhaize.be,any_string_191
belnet.be,any_string_192
grovenplus.be,any_string_193
redlights.be,any_string_194
vliz.be,any_string_195
mmag.be,any_string_196
online.be,any_string_197
orange.be,any_string_198
dewereldmorgen.be,any_string_199
mess.be,any_string_200
commentdressersondragon.be,any_string_201
crelan.be,any_string_202
keu6.be,any_string_203
bruxelles.be,any_string_204
laligue.be,any_string_205
belgie.be,any_string_206
firstrowsports.be,any_string_207
radio2.be,any_string_208
bioimagingcore.be,any_string_209
11.be,any_string_210
belspo.be,any_string_211
belgacom.be,any_string_212
kdg.be,any_string_213
walfoot.be,any_string_214
cm.be,any_string_215
leforem.be,any_string_216
lannoo.be,any_string_217
collishop.be,any_string_218
hdl-concept.be,any_string_219
impulso.be,any_string_220
test-aankoop.be,any_string_221
meteociel.be,any_string_222
vandenborre.be,any_string_223
abconcerts.be,any_string_224
express.be,any_string_225
triathlon.be,any_string_226
sycorax.be,any_string_227
expedia.be,any_string_228
colruyt.be,any_string_229
yt.be,any_string_230
ticketmaster.be,any_string_231
bpost2.be,any_string_232
rsca.be,any_string_233
kapaza.be,any_string_234
sw.be,any_string_235
leuven.be,any_string_236
meteovista.be,any_string_237
xooit.be,any_string_238
peeters-leuven.be,any_string_239
jazzguitar.be,any_string_240
natuurpunt.be,any_string_241
visitbrussels.be,any_string_242
exabyte.be,any_string_243
cawdekempen.be,any_string_244
veganistischeten.be,any_string_245
wiv-isp.be,any_string_246
vroom.be,any_string_247
gezondheid.be,any_string_248
clubbrugge.be,any_string_249
federation-wallonie-bruxelles.be,any_string_250
parismatch.be,any_string_251
telenet-ops.be,any_string_252
test-achats.be,any_string_253
hellofresh.be,any_string_254
engie.be,any_string_255
provincieantwerpen.be,any_string_256
ketnet.be,any_string_257
mouscron.be,any_string_258
enseignement.be,any_string_259
toelatingsexamenartstandarts.be,any_string_260
krefel.be,any_string_261
pukkelpop.be,any_string_262
justtouch.be,any_string_263
mas.be,any_string_264
collectandgo.be,any_string_265
mechelen.be,any_string_266
immoscoop.be,any_string_267
bx1.be,any_string_268
stalvanheiste.be,any_string_269
gegevensbeschermingsautoriteit.be,any_string_270
gallerygarden.be,any_string_271
dreamland.be,any_string_272
uzleuven.be,any_string_273
bithumen.be,any_string_274
senate.be,any_string_275
occasa.be,any_string_276
provincedeliege.be,any_string_277
savico.be,any_string_278
uitinvlaanderen.be,any_string_279
mobistar.be,any_string_280
letec.be,any_string_281
clint.be,any_string_282
vier.be,any_string_283
paellas.be,any_string_284
brf.be,any_string_285
bbforum.be,any_string_286
alternate.be,any_string_287
keepke.be,any_string_288
belgique.be,any_string_289
sciensano.be,any_string_290
kindengezin.be,any_string_291
soloya.be,any_string_292
voo.be,any_string_293
tournai.be,any_string_294
adidas.be,any_string_295
fietsnet.be,any_string_296
blogbox.be,any_string_297
tisj.be,any_string_298
focus-wtv.be,any_string_299
jasaseo.be,any_string_300
namur.be,any_string_301
newpharma.be,any_string_302
koproductie.be,any_string_303
arklabs.be,any_string_304
rodekruis.be,any_string_305
atv.be,any_string_306
amnesty.be,any_string_307
tui.be,any_string_308
binck.be,any_string_309
lacapitale.be,any_string_310
antp.be,any_string_311
logic-immo.be,any_string_312
unizo.be,any_string_313
dekamer.be,any_string_314
plopsa.be,any_string_315
energiesparen.be,any_string_316
proxymart.be,any_string_317
kikirpa.be,any_string_318
hakro.be,any_string_319
rnews.be,any_string_320
webnode.be,any_string_321
gamma.be,any_string_322
graspop.be,any_string_323
the-aim.be,any_string_324
cenorm.be,any_string_325
wellnesscenterginalalous.be,any_string_326
autopilott.be,any_string_327
aviation24.be,any_string_328
beekdesign.be,any_string_329
upscri.be,any_string_330
bibliotheek.be,any_string_331
camer.be,any_string_332
instru-mental.be,any_string_333
hogent.be,any_string_334
farmaline.be,any_string_335
standaardboekhandel.be,any_string_336
cantillon.be,any_string_337
efc.be,any_string_338
dhartiaansedynamica.be,any_string_339
smak.be,any_string_340
edubit.be,any_string_341
djdynamic.be,any_string_342
kgleuven.be,any_string_343
maruta.be,any_string_344
sdds.be,any_string_345
kerknet.be,any_string_346
usolvit.be,any_string_347
police.be,any_string_348
gratisrijbewijsonline.be,any_string_349
streetvanners.be,any_string_350
momu.be,any_string_351
orval.be,any_string_352
rtc.be,any_string_353
corilus.be,any_string_354
doccle.be,any_string_355
infotec.be,any_string_356
west-vlaanderen.be,any_string_357
emdat.be,any_string_358
thomasmore.be,any_string_359
ossaturebois-china.be,any_string_360
eksternest.be,any_string_361
belgianfootball.be,any_string_362
cinenews.be,any_string_363
notaris.be,any_string_364
liege.be,any_string_365
deliveroo.be,any_string_366
rtlinfo.be,any_string_367
sendmyparcel.be,any_string_368
crammed.be,any_string_369
broekx.be,any_string_370
weedy.be,any_string_371
goudengids.be,any_string_372
alexandradarch.be,any_string_373
driesvannoten.be,any_string_374
tsjikatilo.be,any_string_375
thebulletin.be,any_string_376
cerberus-chain.be,any_string_377
pagesdor.be,any_string_378
akiba.be,any_string_379
lbigroup.be,any_string_380
afsca.be,any_string_381
shoppingstmichel.be,any_string_382
leboisducazier.be,any_string_383
autoriteprotectiondonnees.be,any_string_384
startpagina.be,any_string_385
redoute.be,any_string_386
halvemaan.be,any_string_387
beobank.be,any_string_388
4nieuws.be,any_string_389
base.be,any_string_390
badeendbende.be,any_string_391
userbars.be,any_string_392
eventbrite.be,any_string_393
stepstone.be,any_string_394
onroerenderfgoed.be,any_string_395
livios.be,any_string_396
klara.be,any_string_397
filmindir.be,any_string_398
oniris.be,any_string_399
bouwinfo.be,any_string_400
businessam.be,any_string_401
standard.be,any_string_402
resto.be,any_string_403
zooantwerpen.be,any_string_404
voka.be,any_string_405
kinepolis.be,any_string_406
lapetition.be,any_string_407
condorcet.be,any_string_408
catshelter.be,any_string_409
pipa.be,any_string_410
muhka.be,any_string_411
mail.be,any_string_412
cloudtoken.be,any_string_413
aquadesign.be,any_string_414
prosperitas.be,any_string_415
rtfm.be,any_string_416
oost-vlaanderen.be,any_string_417
lamonnaie.be,any_string_418
lachambre.be,any_string_419
espo.be,any_string_420
hobbyschuurtje-webwinkel.be,any_string_421
e-lotto.be,any_string_422
mariogames.be,any_string_423
kgdenoordzee.be,any_string_424
jouwweb.be,any_string_425
libelle.be,any_string_426
viamichelin.be,any_string_427
ipc.be,any_string_428
fluvius.be,any_string_429
vlaamsbrabant.be,any_string_430
abcgezondheid.be,any_string_431
vetipro.be,any_string_432
floorball-stimulo.be,any_string_433
arch.be,any_string_434
astronomie.be,any_string_435
de.be,any_string_436
lanouvellegazette.be,any_string_437
madshrimps.be,any_string_438
caller.be,any_string_439
belga.be,any_string_440
madewithlove.be,any_string_441
planetinternet.be,any_string_442
inflandersfields.be,any_string_443
kmkg-mrah.be,any_string_444
cook-or-eat.be,any_string_445
cytu.be,any_string_446
cartopack.be,any_string_447
wederopbouw.be,any_string_448
vi.be,any_string_449
analis.be,any_string_450
kaagent.be,any_string_451
agoria.be,any_string_452
vives.be,any_string_453
gratisafhalen.be,any_string_454
daviddegreef.be,any_string_455
stib.be,any_string_456
izegem.be,any_string_457
gezondleven.be,any_string_458
howest.be,any_string_459
libelle-lekker.be,any_string_460
terrasoverkappingen-limburg.be,any_string_461
mim.be,any_string_462
fki.be,any_string_463
erpicum-guillemin.be,any_string_464
zdnet.be,any_string_465
sbsbilzen.be,any_string_466
faromedia.be,any_string_467
kortrijk.be,any_string_468
politie.be,any_string_469
tamm.be,any_string_470
botanique.be,any_string_471
glassdoor.be,any_string_472
wwf.be,any_string_473
debijenkorf.be,any_string_474
isfsc.be,any_string_475
moustique.be,any_string_476
luminus.be,any_string_477
lidl-shop.be,any_string_478
opt.be,any_string_479
grotte-de-han.be,any_string_480
reper-portugal.be,any_string_481
casino777.be,any_string_482
sylvies.be,any_string_483
uzgent.be,any_string_484
aldi.be,any_string_485
vooruit.be,any_string_486
engineeringnet.be,any_string_487
hhchalle.be,any_string_488
liantis.be,any_string_489
promolife.be,any_string_490
chronorace.be,any_string_491
eccbelgie.be,any_string_492
sabam.be,any_string_493
vanin.be,any_string_494
bedrijfsopleidingen.be,any_string_495
kikk.be,any_string_496
philips.be,any_string_497
keytradebank.be,any_string_498
zorg-en-gezondheid.be,any_string_499
partyghost.be,any_string_500
cvnavigatie.be,any_string_501
voetbalnieuws.be,any_string_502
zita.be,any_string_503
petitesuisse.be,any_string_504
sempris.be,any_string_505
vlaamsparlement.be,any_string_506
mskgent.be,any_string_507
axa.be,any_string_508
elex.be,any_string_509
beauteetsoins.be,any_string_510
bmw.be,any_string_511
bastognewarmuseum.be,any_string_512
klasse.be,any_string_513
touring.be,any_string_514
mypension.be,any_string_515
vreg.be,any_string_516
maxmailing.be,any_string_517
fun.be,any_string_518
vijf.be,any_string_519
hautecoiffurebrian.be,any_string_520
ssyoutu.be,any_string_521
walloniebelgiquetourisme.be,any_string_522
krcgenk.be,any_string_523
wtcdepalingrijders.be,any_string_524
restaurant-antwerpen.be,any_string_525
cvcoach.be,any_string_526
zonnepanelen-centrale.be,any_string_527
aqualand.be,any_string_528
lne.be,any_string_529
tvl.be,any_string_530
mons.be,any_string_531
digilife.be,any_string_532
huisjannes.be,any_string_533
brussel.be,any_string_534
cancer.be,any_string_535
corelan.be,any_string_536
9lives.be,any_string_537
gratisfilms.be,any_string_538
sofel-sts.be,any_string_539
musee-magritte-museum.be,any_string_540
baes.be,any_string_541
dogsandwich.be,any_string_542
febelfin.be,any_string_543
webaprint.be,any_string_544
kimgeybels.be,any_string_545
iberosur.be,any_string_546
visione.be,any_string_547
enabel.be,any_string_548
bizzarro.be,any_string_549
wbi.be,any_string_550
lesflyers.be,any_string_551
natuurenbos.be,any_string_552
qgo.be,any_string_553
energieplus-lesite.be,any_string_554
mailpartner.be,any_string_555
alm-machines.be,any_string_556
mudcu.be,any_string_557
trinidata.be,any_string_558
filmfestival.be,any_string_559
autoworld.be,any_string_560
vindkandidaat.be,any_string_561
projectbelgium.be,any_string_562
andrevanwolvelaer.be,any_string_563
cadserviceburo.be,any_string_564
eneco.be,any_string_565
autosan.be,any_string_566
klm-mra.be,any_string_567
digitalia.be,any_string_568
baracenter.be,any_string_569
sintsixtus.be,any_string_570
rootshell.be,any_string_571
desingel.be,any_string_572
aikilibre.be,any_string_573
quefaire.be,any_string_574
childfocus.be,any_string_575
ecoconso.be,any_string_576
flb.be,any_string_577
vivalia.be,any_string_578
dansaarde.be,any_string_579
serrurierliege-openall.be,any_string_580
erasmushogeschool.be,any_string_581
notaire.be,any_string_582
roularta.be,any_string_583
kruidvat.be,any_string_584
vilt.be,any_string_585
maartenbaert.be,any_string_586
evavzw.be,any_string_587
studentkotweb.be,any_string_588
brutele.be,any_string_589
achouffe.be,any_string_590
operaballet.be,any_string_591
moniteurautomobile.be,any_string_592
ceps.be,any_string_593
rtv.be,any_string_594
interieur.be,any_string_595
mobilescooter.be,any_string_596
fwo.be,any_string_597
arvh.be,any_string_598
oxfamsol.be,any_string_599
sudpresse.be,any_string_600
lingotu.be,any_string_601
brusselnieuws.be,any_string_602
rva.be,any_string_603
plopsalanddepanne.be,any_string_604
dela.be,any_string_605
laprovince.be,any_string_606
zonnepanelen-installateur.be,any_string_607
viadagio.be,any_string_608
reweghs.be,any_string_609
garagetv.be,any_string_610
vliruos.be,any_string_611
beslist.be,any_string_612
lyfra.be,any_string_613
livenude.be,any_string_614
hogwarts.be,any_string_615
retaildetail.be,any_string_616
quizmaken.be,any_string_617
tuinvandecruys.be,any_string_618
zoeksollicitanten.be,any_string_619
zoekkandidaat.be,any_string_620
hopewoonzorg.be,any_string_621
ultratop.be,any_string_622
teamgent-etsy.be,any_string_623
airco-airconditioning.be,any_string_624
ishop.be,any_string_625
waq.be,any_string_626
sckcen.be,any_string_627
bsv-bvba.be,any_string_628
pmg.be,any_string_629
sekscamera.be,any_string_630
brusselsmuseums.be,any_string_631
dgfruit.be,any_string_632
brugseijsberen.be,any_string_633
jaspervdj.be,any_string_634
atrias.be,any_string_635
allnuts.be,any_string_636
hasselt.be,any_string_637
onem.be,any_string_638
newsclip.be,any_string_639
advocaat.be,any_string_640
trifinance.be,any_string_641
laredoute.be,any_string_642
marbaix-construct.be,any_string_643
provant.be,any_string_644
sameneenkoe.be,any_string_645
sipa.be,any_string_646
boumballebulle.be,any_string_647
orga-sculpteur.be,any_string_648
flairgames.be,any_string_649
huidzorg.be,any_string_650
limburg.be,any_string_651
hetanker.be,any_string_652
jobtimisten.be,any_string_653
vab.be,any_string_654
makroshop.be,any_string_655
lezarts-urbains.be,any_string_656
groups.be,any_string_657
galanthus.be,any_string_658
decalaminage-liege.be,any_string_659
cdenv.be,any_string_660
ctm-menuiserie.be,any_string_661
davincisurgery.be,any_string_662
rubenshuis.be,any_string_663
slik-interior.be,any_string_664
cecbelgique.be,any_string_665
videlec.be,any_string_666
tuinadvies.be,any_string_667
delirium.be,any_string_668
a-vs.be,any_string_669
girogate.be,any_string_670
wimdelvoye.be,any_string_671
rbfa.be,any_string_672
canalc.be,any_string_673
bti-belgium.be,any_string_674
soepcentrale-dekeyser.be,any_string_675
selexion.be,any_string_676
hexadebarras.be,any_string_677
ae-bara.be,any_string_678
ovam.be,any_string_679
visitoostende.be,any_string_680
dma.be,any_string_681
streamovations.be,any_string_682
aginsurance.be,any_string_683
passionsante.be,any_string_684
bobbejaanland.be,any_string_685
trappistwestmalle.be,any_string_686
acerta.be,any_string_687
goedkope-uggs.be,any_string_688
newvalmar.be,any_string_689
fantalife.be,any_string_690
n-va.be,any_string_691
visitgent.be,any_string_692
era.be,any_string_693
tennisvlaanderen.be,any_string_694
braille.be,any_string_695
oeccbb.be,any_string_696
aspenaerogel.be,any_string_697
dhl.be,any_string_698
montepaschi.be,any_string_699
easynet.be,any_string_700
cetri.be,any_string_701
webdesignbetaalbaar.be,any_string_702
greenhat.be,any_string_703
bakeflon.be,any_string_704
f-a-s.be,any_string_705
neverland.be,any_string_706
actualitesdroitbelge.be,any_string_707
hideme.be,any_string_708
ritmica.be,any_string_709
comet-belgium.be,any_string_710
weeswegwijs.be,any_string_711
pi.be,any_string_712
tuinen-hendrix.be,any_string_713
drieghe-desutter.be,any_string_714
fintrest.be,any_string_715
gld-chape.be,any_string_716
centuryfurniture.be,any_string_717
springkasteelhuren.be,any_string_718
mon-programme-tv.be,any_string_719
jobgepast.be,any_string_720
randstad.be,any_string_721
actiris.be,any_string_722
kimberlyven.be,any_string_723
bikefunandalucia.be,any_string_724
unia.be,any_string_725
heifer.be,any_string_726
oz.be,any_string_727
dorpsbrouwerijhumulus.be,any_string_728
eortc.be,any_string_729
adrienhusser.be,any_string_730
openminds.be,any_string_731
tradutheque.be,any_string_732
alarmsysteem-alarminstallatie.be,any_string_733
museumplantinmoretus.be,any_string_734
yucom.be,any_string_735
profuturis.be,any_string_736
gfi.be,any_string_737
bloovi.be,any_string_738
itce.be,any_string_739
cu.be,any_string_740
nucleus.be,any_string_741
optistaff.be,any_string_742
4gamers.be,any_string_743
flagey.be,any_string_744
sidc.be,any_string_745
cncd.be,any_string_746
ixelles.be,any_string_747
monclerjassen.be,any_string_748
buffalotours.be,any_string_749
delta-relay.be,any_string_750
dezangcoach.be,any_string_751
iciparisxl.be,any_string_752
oostende.be,any_string_753
femmesdaujourdhui.be,any_string_754
amyskitchen.be,any_string_755
pluszorg.be,any_string_756
www.be,any_string_757
cet.be,any_string_758
digitalwallonia.be,any_string_759
ethias.be,any_string_760
edpnet.be,any_string_761
schoonheidsinstituutvictoria.be,any_string_762
qmusic.be,any_string_763
lidl.be,any_string_764
hainaut.be,any_string_765
judoaalst.be,any_string_766
nordpresse.be,any_string_767
boasoft.be,any_string_768
spector.be,any_string_769
groteroutepaden.be,any_string_770
inabuurt.be,any_string_771
modelclubdelameuse.be,any_string_772
campaignpartner.be,any_string_773
shorte.be,any_string_774
nordeclair.be,any_string_775
fedasil.be,any_string_776
dourfestival.be,any_string_777
energuide.be,any_string_778
rondevanvlaanderen.be,any_string_779
oona.be,any_string_780
partena-ziekenfonds.be,any_string_781
zol.be,any_string_782
atrronse.be,any_string_783
webdesignprofessioneel.be,any_string_784
apotheekdepril.be,any_string_785
mysocialsecurity.be,any_string_786
designmuseumgent.be,any_string_787
brucity.be,any_string_788
harol.be,any_string_789
famidoo.be,any_string_790
mediahuis.be,any_string_791
techpulse.be,any_string_792
cinematek.be,any_string_793
invivoasbl.be,any_string_794
gezondheidenwetenschap.be,any_string_795
airports-taxi.be,any_string_796
priorweb.be,any_string_797
aquapura.be,any_string_798
claridge.be,any_string_799
conrad.be,any_string_800
autosalon.be,any_string_801
jpbonjean.be,any_string_802
sgilennik.be,any_string_803
yourcoach.be,any_string_804
thechocolateline.be,any_string_805
usddemo.be,any_string_806
solbosch.be,any_string_807
tartino-food.be,any_string_808
withoutwalls.be,any_string_809
mc.be,any_string_810
guest-standard.be,any_string_811
cegesoma.be,any_string_812
funke.be,any_string_813
trapa-net.be,any_string_814
recreatex.be,any_string_815
gamemania.be,any_string_816
plextor.be,any_string_817
alphanetworks.be,any_string_818
deliriumcafe.be,any_string_819
kumpen.be,any_string_820
usaintlouis.be,any_string_821
dreambaby.be,any_string_822
depo-extremecaraudio.be,any_string_823
zahia.be,any_string_824
shurl.be,any_string_825
kiwanisliegecondroz.be,any_string_826
vgc.be,any_string_827
spwpeer.be,any_string_828
cred.be,any_string_829
bricopala.be,any_string_830
permisdeconduire-online.be,any_string_831
gocar.be,any_string_832
deoranjerie.be,any_string_833
snell.be,any_string_834
scoodle.be,any_string_835
bambergerpolymers.be,any_string_836
rittal.be,any_string_837
velleman.be,any_string_838
toerismevlaanderen.be,any_string_839
technopolis.be,any_string_840
cronosfleet.be,any_string_841
sbe.be,any_string_842
abetec.be,any_string_843
zoeksollicitant.be,any_string_844
abeliagarden.be,any_string_845
sint-niklaas.be,any_string_846
knokke-heist.be,any_string_847
meteomoes.be,any_string_848
bpost4me.be,any_string_849
connections.be,any_string_850
apotheekinhetzwaard.be,any_string_851
ecoverservice.be,any_string_852
fagg-afmps.be,any_string_853
gaia.be,any_string_854
ucm.be,any_string_855
post.be,any_string_856
uunet.be,any_string_857
vclb-pieterbreughel.be,any_string_858
ca-tourne.be,any_string_859
jayjaysdelight.be,any_string_860
nmbs.be,any_string_861
onlinecasino.be,any_string_862
solidaris.be,any_string_863
notele.be,any_string_864
donboscohoboken.be,any_string_865
doorbraak.be,any_string_866
concertgebouw.be,any_string_867
nationale-loterij.be,any_string_868
aide-aux-joueurs.be,any_string_869
dad.be,any_string_870
raouljacobs.be,any_string_871
anadigics.be,any_string_872
zooplanckendael.be,any_string_873
kebro.be,any_string_874
bangladesh-embassy.be,any_string_875
alariel.be,any_string_876
vaarschool.be,any_string_877
achatfr.be,any_string_878
prohoreca.be,any_string_879
kinamo.be,any_string_880
febiac.be,any_string_881
dekust.be,any_string_882
ladbrokes.be,any_string_883
egmontinstitute.be,any_string_884
caratow.be,any_string_885
vanhoutte.be,any_string_886
bipt.be,any_string_887
weightwatchers.be,any_string_888
politics.be,any_string_889
scanit.be,any_string_890
75south.be,any_string_891
softn.be,any_string_892
ginds.be,any_string_893
lerenparticiperen.be,any_string_894
confederatiebouw.be,any_string_895
hansenbvba.be,any_string_896
bellewaerde.be,any_string_897
bokrijk.be,any_string_898
toyota.be,any_string_899
tvlux.be,any_string_900
brassbandlembeek.be,any_string_901
mobilevikings.be,any_string_902
saintluc.be,any_string_903
zymion.be,any_string_904
kw.be,any_string_905
ies.be,any_string_906
belgocontrol.be,any_string_907
hada.be,any_string_908
p4s-energy.be,any_string_909
studenteninternet.be,any_string_910
deltaweb.be,any_string_911
sablagevitre.be,any_string_912
diekeure.be,any_string_913
ecolo.be,any_string_914
belbone.be,any_string_915
dinant.be,any_string_916
enseignons.be,any_string_917
a2rc.be,any_string_918
toecomst.be,any_string_919
lindemans.be,any_string_920
one.be,any_string_921
pwc.be,any_string_922
architecturalconcept.be,any_string_923
elia.be,any_string_924
soignies-environnement.be,any_string_925
digimedia.be,any_string_926
tvvisie.be,any_string_927
veritas.be,any_string_928
tevabelgium.be,any_string_929
apache.be,any_string_930
axabank.be,any_string_931
frs-fnrs.be,any_string_932
facts.be,any_string_933
you2u.be,any_string_934
isabel.be,any_string_935
cbc.be,any_string_936
vivreici.be,any_string_937
poki.be,any_string_938
tkchriston.be,any_string_939
circuit-zolder.be,any_string_940
uza.be,any_string_941
redmoonrising.be,any_string_942
mleuven.be,any_string_943
etnic.be,any_string_944
steegmans-haarwerken.be,any_string_945
clarissa.be,any_string_946
aalst.be,any_string_947
wasekunstkring.be,any_string_948
thomascook.be,any_string_949
zooplus.be,any_string_950
wedassist.be,any_string_951
zwembaden-lebaindor.be,any_string_952
imageandnarrative.be,any_string_953
portofzeebrugge.be,any_string_954
lorenzovanderspikken.be,any_string_955
vinden.be,any_string_956
mitula.be,any_string_957
sintbernardus.be,any_string_958
dataprotectionauthority.be,any_string_959
rosas.be,any_string_960
kernity.be,any_string_961
fotomuseum.be,any_string_962
digitalewachtkamer.be,any_string_963
super-hobby.be,any_string_964
sdworx.be,any_string_965
kanker.be,any_string_966
unicef.be,any_string_967
nostalgie.be,any_string_968
steinerschoolgent.be,any_string_969
eenhartvoorhingene.be,any_string_970
ocmw-info-cpas.be,any_string_971
aeronomie.be,any_string_972
sportpaleis.be,any_string_973
deutschebank.be,any_string_974
flandersfields.be,any_string_975
ptb.be,any_string_976
jbc.be,any_string_977
wauterstt.be,any_string_978
helskens.be,any_string_979
securex.be,any_string_980
dkv.be,any_string_981
dekoninck.be,any_string_982
palm.be,any_string_983
wtcb.be,any_string_984
nintendo.be,any_string_985
cdo-newton.be,any_string_986
lekkervanbijons.be,any_string_987
leenbakker.be,any_string_988
opodo.be,any_string_989
vanhool.be,any_string_990
wegcode.be,any_string_991
msf-azg.be,any_string_992
stegidius.be,any_string_993
ares-ac.be,any_string_994
fsmb.be,any_string_995
bemiddelinggent.be,any_string_996
autofans.be,any_string_997
optiekmichielsen.be,any_string_998
ilsenijsatwork.be,any_string_999
kmska.be,any_string_1000
